Model,CV_Score,CV_Std,OOF_Score
CatBoost,0.5394086953365383,0.0824532582415991,0.4744595451262329
