{
  "ExtraTrees": {
    "n_estimators": 485,
    "max_depth": 27,
    "min_samples_split": 11,
    "min_samples_leaf": 10,
    "max_features": "sqrt",
    "bootstrap": false
  },
  "XGBoost": {
    "n_estimators": 500,
    "max_depth": 3,
    "learning_rate": 0.20175583908560707,
    "subsample": 0.9665373210027937,
    "colsample_bytree": 0.6119609609535307,
    "reg_alpha": 5.696408073746652,
    "reg_lambda": 0.9505447733959538
  },
  "LightGBM": {
    "n_estimators": 591,
    "max_depth": 3,
    "learning_rate": 0.261593265686611,
    "subsample": 0.9185565493715038,
    "colsample_bytree": 0.9331625965755088,
    "reg_alpha": 0.7292102503198454,
    "reg_lambda": 0.9619808269966212
  },
  "CatBoost": {
    "iterations": 301,
    "depth": 5,
    "learning_rate": 0.14524135797085222,
    "subsample": 0.7287169641431223,
    "colsample_bylevel": 0.7706140841763089,
    "l2_leaf_reg": 4.518001298444198
  }
}