{
  "iterations": 301,
  "depth": 5,
  "learning_rate": 0.14524135797085222,
  "subsample": 0.7287169641431223,
  "colsample_bylevel": 0.7706140841763089,
  "l2_leaf_reg": 4.518001298444198
}