{
  "n_estimators": 500,
  "max_depth": 3,
  "learning_rate": 0.20175583908560707,
  "subsample": 0.9665373210027937,
  "colsample_bytree": 0.6119609609535307,
  "reg_alpha": 5.696408073746652,
  "reg_lambda": 0.9505447733959538
}