{
  "CatBoost": {
    "cv_scores": [
      0.7833010079265648,
      0.7934180413557905,
      0.7273897114867462,
      0.8488385667229938,
      0.740177703938245
    ],
    "mean_score": 0.778625006286068,
    "std_score": 0.04306714162361865,
    "best_params": {
      "iterations": 180,
      "learning_rate": 0.17131607419440203,
      "depth": 6,
      "l2_leaf_reg": 6.5008121463220725
    }
  },
  "ExtraTrees": {
    "cv_scores": [
      0.7413555296820373,
      0.713254598120673,
      0.676085525664623,
      0.8027974660401359,
      0.6953022103623112
    ],
    "mean_score": 0.7257590659739561,
    "std_score": 0.04411259942886972,
    "best_params": {
      "n_estimators": 86,
      "max_depth": 8,
      "min_samples_split": 14,
      "min_samples_leaf": 3,
      "max_features": "sqrt"
    }
  }
}