{
  "CatBoost": {
    "cv_scores": [
      0.8451429139119476,
      0.876796503153229,
      0.8540565479678386,
      0.8978593753906173,
      0.8281406252985287
    ],
    "mean_score": 0.8603991931444321,
    "std_score": 0.02443659318631161,
    "best_params": {
      "iterations": 161,
      "learning_rate": 0.13272739507332754,
      "depth": 5,
      "l2_leaf_reg": 5.111376068844087
    }
  },
  "ExtraTrees": {
    "cv_scores": [
      0.8251736156988041,
      0.8420378314584265,
      0.8535986233349055,
      0.873287527869251,
      0.807750253791399
    ],
    "mean_score": 0.8403695704305573,
    "std_score": 0.022611146436012333,
    "best_params": {
      "n_estimators": 112,
      "max_depth": 8,
      "min_samples_split": 7,
      "min_samples_leaf": 3,
      "max_features": "sqrt"
    }
  }
}