{
  "iterations": 766,
  "depth": 5,
  "learning_rate": 0.11549660542337767,
  "l2_leaf_reg": 11.354507442653421
}