Model,CV_Score,CV_Std,OOF_Score
CatBoost_AdvVal,0.5598807267442312,0.042080299934552604,0.6034055994540108
