{
  "best_model": "XGBoost",
  "best_cv_f1": 0.486974695013821,
  "final_train_f1": 0.0,
  "final_train_auc": 0.7182840028606144,
  "best_threshold": 0.24999999999999992,
  "threshold_f1": 0.4870136432541688,
  "predicted_positive_rate": 0.12446974287940438,
  "optimization_time_minutes": 7.779823489983877,
  "best_params": {
    "n_estimators": 150,
    "learning_rate": 0.011184420924446357,
    "max_depth": 5,
    "subsample": 0.7467143880908638,
    "colsample_bytree": 0.7737425087025644,
    "reg_alpha": 7.30084853191198,
    "reg_lambda": 6.355083933063061,
    "min_child_weight": 7,
    "gamma": 0.15590624136109432
  }
}