data_type,model,cv_f1_mean,cv_f1_std,training_time,cv_scores,status
original,LightGBM,0.4815246658799648,0.004634235380006169,4.225734233856201,"[0.4811320754716981, 0.4862547288776797, 0.472916151372743, 0.4827586206896552, 0.4845617529880478]",success
optimized,LightGBM,0.43776785644140803,0.005407239002997067,2.0485901832580566,"[0.4376083188908146, 0.44008810572687224, 0.4280851063829787, 0.44458959285869804, 0.43846815834767644]",success
original,XGBoost,0.4237936593315029,0.00253636760910475,2.016447067260742,"[0.42162615255658004, 0.4284789644012945, 0.42268479184367036, 0.42180593559250684, 0.42437245226346276]",success
original,CatBoost,0.4094593839399959,0.0016114475552805223,3.003890037536621,"[0.4082852021509659, 0.4091925971120602, 0.4124, 0.40964824120603016, 0.4077708792309233]",success
optimized,XGBoost,0.391806581443469,0.0038436226607937783,0.9832954406738281,"[0.3892992613296067, 0.39750302053966974, 0.3861987845520486, 0.3924, 0.3936318407960199]",success
