{
  "model_name": "XGBoost",
  "cv_f1_mean": 0.4871,
  "cv_f1_std": 0.0036,
  "threshold": 0.486,
  "best_params": {
    "n_estimators": 1439,
    "learning_rate": 0.012028625587080639,
    "max_depth": 4,
    "subsample": 0.8034068864796984,
    "colsample_bytree": 0.742770742143974,
    "reg_alpha": 14.70363413549785,
    "reg_lambda": 5.444853085179024,
    "min_child_weight": 10,
    "gamma": 0.3670487834559327,
    "scale_pos_weight": 4.3944192340302894,
    "objective": "binary:logistic",
    "eval_metric": "logloss",
    "random_state": 42,
    "n_jobs": -1
  },
  "goal_achieved": true,
  "optuna_best_value": 0.4872,
  "n_trials": 100
}