{
  "experiment_name": "try7_data_quality_source_aware",
  "timestamp": "2025-07-11T12:48:10.039658",
  "config": {
    "NBITS": 2048,
    "SEED": 42,
    "N_FOLDS": 5,
    "OPTUNA_TRIALS": 30,
    "OUTPUT_DIR": "output/try7",
    "EXPERIMENT_NAME": "try7_data_quality_source_aware",
    "RELIABILITY_CV_THRESHOLD": 0.5,
    "IQR_FACTOR": 1.5,
    "SOURCE_CLASSIFIER_THRESHOLD": 0.6
  },
  "data_quality": {
    "final_data_size": 1031,
    "sources": {
      "PubChem": 664,
      "ChEMBL": 367
    },
    "reliability": {
      "High": 772,
      "Mid": 259
    }
  },
  "cv_results": {
    "ChEMBL": {
      "CatBoost": {
        "cv_scores": [
          0.7833010079265648,
          0.7934180413557905,
          0.7273897114867462,
          0.8488385667229938,
          0.740177703938245
        ],
        "mean_score": 0.778625006286068,
        "std_score": 0.04306714162361865,
        "best_params": {
          "iterations": 180,
          "learning_rate": 0.17131607419440203,
          "depth": 6,
          "l2_leaf_reg": 6.5008121463220725
        }
      },
      "ExtraTrees": {
        "cv_scores": [
          0.7413555296820373,
          0.713254598120673,
          0.676085525664623,
          0.8027974660401359,
          0.6953022103623112
        ],
        "mean_score": 0.7257590659739561,
        "std_score": 0.04411259942886972,
        "best_params": {
          "n_estimators": 86,
          "max_depth": 8,
          "min_samples_split": 14,
          "min_samples_leaf": 3,
          "max_features": "sqrt"
        }
      }
    },
    "PubChem": {
      "CatBoost": {
        "cv_scores": [
          0.8451429139119476,
          0.876796503153229,
          0.8540565479678386,
          0.8978593753906173,
          0.8281406252985287
        ],
        "mean_score": 0.8603991931444321,
        "std_score": 0.02443659318631161,
        "best_params": {
          "iterations": 161,
          "learning_rate": 0.13272739507332754,
          "depth": 5,
          "l2_leaf_reg": 5.111376068844087
        }
      },
      "ExtraTrees": {
        "cv_scores": [
          0.8251736156988041,
          0.8420378314584265,
          0.8535986233349055,
          0.873287527869251,
          0.807750253791399
        ],
        "mean_score": 0.8403695704305573,
        "std_score": 0.022611146436012333,
        "best_params": {
          "n_estimators": 112,
          "max_depth": 8,
          "min_samples_split": 7,
          "min_samples_leaf": 3,
          "max_features": "sqrt"
        }
      }
    }
  },
  "loso_score": 0.6651325708879854,
  "test_predictions": {
    "count": 127,
    "source_distribution": {
      "pubchem_prob_mean": 0.6995745074481682,
      "uncertain_samples": 101
    }
  }
}