{
  "n_estimators": 1776,
  "max_depth": 4,
  "learning_rate": 0.023062198993080093,
  "subsample": 0.8886718923723549,
  "colsample_bytree": 0.6140804201571932,
  "reg_alpha": 11.67880071676264,
  "reg_lambda": 4.717384543331914,
  "min_child_weight": 6,
  "gamma": 4.907733162801539
}